"n","p","epochs","batch_size","device","jit","latent","n_layers","Python","R","ratio"
2000,100,20,16,"cpu",FALSE,100,1,2.15373420715332,9.76985645294189,4.53624055396098
2000,100,20,16,"cpu",FALSE,100,3,3.05405306816101,17.1585512161255,5.61828849505142
2000,100,20,16,"cpu",FALSE,100,5,4.26844000816345,25.7212605476379,6.02591590802392
2000,100,20,16,"cpu",FALSE,500,1,2.46775484085083,12.4963462352753,5.06385238452894
2000,100,20,16,"cpu",FALSE,500,3,6.16074156761169,29.3175921440125,4.75877649180112
2000,100,20,16,"cpu",FALSE,500,5,10.4096796512604,45.5081417560577,4.37171395092333
2000,100,20,16,"cpu",FALSE,1000,1,2.68784618377686,13.795506477356,5.13255057548386
2000,100,20,16,"cpu",FALSE,1000,3,16.3987147808075,42.8294837474823,2.6117585627874
2000,100,20,16,"cpu",FALSE,1000,5,37.7007374763489,1.1888282696406,0.0315332895115486
2000,100,20,16,"cpu",TRUE,100,1,2.08105754852295,9.94283962249756,4.77778215674746
2000,100,20,16,"cpu",TRUE,100,3,3.19733786582947,16.567533493042,5.18166493134875
2000,100,20,16,"cpu",TRUE,100,5,4.33068346977234,24.2839658260345,5.60742109081251
2000,100,20,16,"cpu",TRUE,500,1,2.54865527153015,12.2970340251923,4.82491067448657
2000,100,20,16,"cpu",TRUE,500,3,7.95843648910522,30.412810087204,3.82145539878818
2000,100,20,16,"cpu",TRUE,500,5,13.9492125511169,1.10809014240901,0.0794374692011043
2000,100,20,16,"cpu",TRUE,1000,1,2.84284734725952,13.5624656677246,4.77073300499188
2000,100,20,16,"cpu",TRUE,1000,3,22.12180352211,1.66032079458237,0.0750535910384945
2000,100,20,16,"cpu",TRUE,1000,5,33.8069608211517,2.60235569079717,0.0769769191784011
2000,100,20,16,"cuda",FALSE,100,1,1.90029859542847,10.5045011043549,5.52781606513076
2000,100,20,16,"cuda",FALSE,100,3,2.50743460655212,17.8004620075226,7.09907327633135
2000,100,20,16,"cuda",FALSE,100,5,3.0830614566803,25.5061848163605,8.27300563895486
2000,100,20,16,"cuda",FALSE,500,1,1.90102982521057,10.2843644618988,5.40989116820386
2000,100,20,16,"cuda",FALSE,500,3,2.66178154945374,18.0146539211273,6.76789345272318
2000,100,20,16,"cuda",FALSE,500,5,3.2787754535675,25.6420040130615,7.82060387366919
2000,100,20,16,"cuda",FALSE,1000,1,1.90114307403564,12.0847897529602,6.35659142018557
2000,100,20,16,"cuda",FALSE,1000,3,2.72787475585938,18.5482828617096,6.79953609375525
2000,100,20,16,"cuda",FALSE,1000,5,3.37749433517456,25.4676141738892,7.54038693970835
2000,100,20,16,"cuda",TRUE,100,1,1.89248394966125,10.755197763443,5.68311174600351
2000,100,20,16,"cuda",TRUE,100,3,2.43996453285217,17.4095442295074,7.13516282515659
2000,100,20,16,"cuda",TRUE,100,5,2.97308778762817,23.9262597560883,8.04761294155254
2000,100,20,16,"cuda",TRUE,500,1,1.8937714099884,10.5356147289276,5.56329801651833
2000,100,20,16,"cuda",TRUE,500,3,2.59870982170105,17.2958571910858,6.65555540162786
2000,100,20,16,"cuda",TRUE,500,5,3.15010118484497,24.1336162090302,7.66121936817021
2000,100,20,16,"cuda",TRUE,1000,1,1.90880489349365,10.5918209552765,5.54892801845791
2000,100,20,16,"cuda",TRUE,1000,3,2.67887282371521,17.5604374408722,6.5551590524997
2000,100,20,16,"cuda",TRUE,1000,5,3.25803685188293,24.2002322673798,7.42785713224626
2000,100,20,128,"cpu",FALSE,100,1,0.466741323471069,1.51721930503845,3.25066418751005
2000,100,20,128,"cpu",FALSE,100,3,0.628687381744385,2.64374160766602,4.20517682465739
2000,100,20,128,"cpu",FALSE,100,5,0.795940160751343,3.66943001747131,4.61018327559635
2000,100,20,128,"cpu",FALSE,500,1,0.556055307388306,1.96918225288391,3.54134242892638
2000,100,20,128,"cpu",FALSE,500,3,1.086754322052,4.36023807525635,4.01216538713495
2000,100,20,128,"cpu",FALSE,500,5,1.66781783103943,6.75232696533203,4.04859981687796
2000,100,20,128,"cpu",FALSE,1000,1,0.576335668563843,2.11557841300964,3.67074003641211
2000,100,20,128,"cpu",FALSE,1000,3,1.83518600463867,7.37468791007996,4.01849615866701
2000,100,20,128,"cpu",FALSE,1000,5,3.52509260177612,12.194589138031,3.45936703390054
2000,100,20,128,"cpu",TRUE,100,1,0.494618654251099,1.89263653755188,3.82645604100298
2000,100,20,128,"cpu",TRUE,100,3,0.658876419067383,2.94060492515564,4.46305990024346
2000,100,20,128,"cpu",TRUE,100,5,0.825778007507324,4.0996413230896,4.96458041485591
2000,100,20,128,"cpu",TRUE,500,1,0.591030120849609,2.09004974365234,3.53628295736921
2000,100,20,128,"cpu",TRUE,500,3,1.09589624404907,4.71948528289795,4.30650739841994
2000,100,20,128,"cpu",TRUE,500,5,1.6058292388916,9.79830527305603,6.10171059023633
2000,100,20,128,"cpu",TRUE,1000,1,0.584655523300171,2.23429465293884,3.82155741953321
2000,100,20,128,"cpu",TRUE,1000,3,1.74582767486572,12.1660072803497,6.96861864174849
2000,100,20,128,"cpu",TRUE,1000,5,3.36569976806641,22.5505986213684,6.70012186925506
2000,100,20,128,"cuda",FALSE,100,1,0.469488620758057,1.40220594406128,2.98666651770434
2000,100,20,128,"cuda",FALSE,100,3,0.543708086013794,2.30155563354492,4.23307229145481
2000,100,20,128,"cuda",FALSE,100,5,0.62437629699707,3.26733589172363,5.2329595268716
2000,100,20,128,"cuda",FALSE,500,1,0.48026704788208,1.41678023338318,2.94998426319484
2000,100,20,128,"cuda",FALSE,500,3,0.569604873657227,2.41595554351807,4.24145869399975
2000,100,20,128,"cuda",FALSE,500,5,0.65031886100769,3.33560180664062,5.1291789407307
2000,100,20,128,"cuda",FALSE,1000,1,0.476896286010742,1.41966342926025,2.97688086677251
2000,100,20,128,"cuda",FALSE,1000,3,0.575716733932495,2.39197874069214,4.1547841146695
2000,100,20,128,"cuda",FALSE,1000,5,0.654694557189941,3.35803747177124,5.12916662418044
2000,100,20,128,"cuda",TRUE,100,1,0.462202310562134,1.84698820114136,3.99606007788027
2000,100,20,128,"cuda",TRUE,100,3,0.534558296203613,2.69054675102234,5.03321484322733
2000,100,20,128,"cuda",TRUE,100,5,0.605175495147705,3.56349396705627,5.88836460766893
2000,100,20,128,"cuda",TRUE,500,1,0.476085901260376,1.84529089927673,3.87596207825428
2000,100,20,128,"cuda",TRUE,500,3,0.553006172180176,2.70365762710571,4.88901889909617
2000,100,20,128,"cuda",TRUE,500,5,0.629889011383057,3.56466960906982,5.65920272405264
2000,100,20,128,"cuda",TRUE,1000,1,0.473370790481567,1.8288414478302,3.86344380473855
2000,100,20,128,"cuda",TRUE,1000,3,0.562927007675171,2.69700789451599,4.79104370148156
2000,100,20,128,"cuda",TRUE,1000,5,0.635149478912354,3.52348518371582,5.54748968660027
2000,100,20,256,"cpu",FALSE,100,1,0.338868856430054,0.908712863922119,2.68160631075782
2000,100,20,256,"cpu",FALSE,100,3,0.427594661712646,1.47310376167297,3.4450939021847
2000,100,20,256,"cpu",FALSE,100,5,0.603729009628296,2.3317346572876,3.86222066539954
2000,100,20,256,"cpu",FALSE,500,1,0.378908157348633,1.13362741470337,2.99182636403449
2000,100,20,256,"cpu",FALSE,500,3,0.696622133255005,2.99738430976868,4.30274056289776
2000,100,20,256,"cpu",FALSE,500,5,1.05677032470703,4.14751839637756,3.92471126356371
2000,100,20,256,"cpu",FALSE,1000,1,0.412247180938721,1.41543555259705,3.43346326680509
2000,100,20,256,"cpu",FALSE,1000,3,1.32319283485413,6.19405245780945,4.68114117205925
2000,100,20,256,"cpu",FALSE,1000,5,2.24229669570923,11.3150329589844,5.04618009768128
2000,100,20,256,"cpu",TRUE,100,1,0.358753204345703,1.11881804466248,3.11862871497688
2000,100,20,256,"cpu",TRUE,100,3,0.473489046096802,1.79436016082764,3.78965506302504
2000,100,20,256,"cpu",TRUE,100,5,0.51795220375061,2.73707389831543,5.28441404148038
2000,100,20,256,"cpu",TRUE,500,1,0.376644611358643,1.26094484329224,3.3478372058576
2000,100,20,256,"cpu",TRUE,500,3,0.711472272872925,3.00704908370972,4.22651619516704
2000,100,20,256,"cpu",TRUE,500,5,1.15943670272827,5.48159956932068,4.72781270113489
2000,100,20,256,"cpu",TRUE,1000,1,0.398164749145508,1.35930681228638,3.41393057824319
2000,100,20,256,"cpu",TRUE,1000,3,1.22303438186646,6.49811935424805,5.31311257524205
2000,100,20,256,"cpu",TRUE,1000,5,2.22247290611267,12.6885144710541,5.70918747137736
2000,100,20,256,"cuda",FALSE,100,1,0.33897066116333,0.742758750915527,2.19121840328722
2000,100,20,256,"cuda",FALSE,100,3,0.452476024627686,1.2432222366333,2.7475980360645
2000,100,20,256,"cuda",FALSE,100,5,0.419215440750122,1.73799443244934,4.14582637829242
2000,100,20,256,"cuda",FALSE,500,1,0.337814807891846,0.750460624694824,2.22151488674555
2000,100,20,256,"cuda",FALSE,500,3,0.382513523101807,1.25811409950256,3.2890709047369
2000,100,20,256,"cuda",FALSE,500,5,0.420685052871704,1.72294044494629,4.09555897739902
2000,100,20,256,"cuda",FALSE,1000,1,0.338137149810791,0.753085374832153,2.22715952758681
2000,100,20,256,"cuda",FALSE,1000,3,0.451361417770386,1.42811727523804,3.16402160001311
2000,100,20,256,"cuda",FALSE,1000,5,0.421744108200073,1.73200964927673,4.10677853134364
2000,100,20,256,"cuda",TRUE,100,1,0.342546939849854,1.23148560523987,3.59508570060401
2000,100,20,256,"cuda",TRUE,100,3,0.377975702285767,1.68959927558899,4.47012669166648
2000,100,20,256,"cuda",TRUE,100,5,0.412333250045776,2.31979537010193,5.62602062735516
2000,100,20,256,"cuda",TRUE,500,1,0.336634159088135,1.20857715606689,3.59017979441139
2000,100,20,256,"cuda",TRUE,500,3,0.453895330429077,1.69229078292847,3.72837231290463
2000,100,20,256,"cuda",TRUE,500,5,0.41553521156311,2.15486931800842,5.1857682767785
2000,100,20,256,"cuda",TRUE,1000,1,0.33819580078125,1.18521237373352,3.50451534583108
2000,100,20,256,"cuda",TRUE,1000,3,0.382631301879883,1.63869667053223,4.2827041658151
2000,100,20,256,"cuda",TRUE,1000,5,0.416357040405273,2.084064245224,5.00547377125031
2000,250,20,16,"cpu",FALSE,100,1,2.31407070159912,10.8641209602356,4.69480943375154
2000,250,20,16,"cpu",FALSE,100,3,3.30993032455444,17.7260158061981,5.35540451552684
2000,250,20,16,"cpu",FALSE,100,5,4.54798221588135,27.0655910968781,5.95112069751862
2000,250,20,16,"cpu",FALSE,500,1,2.71047186851501,14.6714689731598,5.41288369142818
2000,250,20,16,"cpu",FALSE,500,3,6.42288708686829,29.5964074134827,4.60796009850354
2000,250,20,16,"cpu",FALSE,500,5,10.719242811203,46.3375675678253,4.32283962439926
2000,250,20,16,"cpu",FALSE,1000,1,2.89462971687317,14.7918434143066,5.11009865202552
2000,250,20,16,"cpu",FALSE,1000,3,10.7331764698029,42.4002315998077,3.95038987005368
2000,250,20,16,"cpu",FALSE,1000,5,22.0501570701599,1.17221076091131,0.0531611070697379
2000,250,20,16,"cpu",TRUE,100,1,2.30064415931702,10.4997351169586,4.56382403790581
2000,250,20,16,"cpu",TRUE,100,3,3.21681427955627,18.1525118350983,5.64300897022947
2000,250,20,16,"cpu",TRUE,100,5,4.38326025009155,25.5215358734131,5.82250069976567
2000,250,20,16,"cpu",TRUE,500,1,2.80674695968628,13.689569234848,4.87737919786618
2000,250,20,16,"cpu",TRUE,500,3,6.27519416809082,34.5730800628662,5.50948371265853
2000,250,20,16,"cpu",TRUE,500,5,10.6176102161407,1.09597949981689,0.103222804143893
2000,250,20,16,"cpu",TRUE,1000,1,2.99125289916992,14.7541644573212,4.93243632506483
2000,250,20,16,"cpu",TRUE,1000,3,10.7606582641602,1.43489522139231,0.133346416749561
2000,250,20,16,"cpu",TRUE,1000,5,21.9087040424347,2.94468863805135,0.134407248933931
2000,250,20,16,"cuda",FALSE,100,1,2.05488801002502,10.3343336582184,5.02914689647371
2000,250,20,16,"cuda",FALSE,100,3,2.79126572608948,17.8571152687073,6.39749741552728
2000,250,20,16,"cuda",FALSE,100,5,3.48697137832642,24.9721965789795,7.1615719974636
2000,250,20,16,"cuda",FALSE,500,1,2.05446290969849,10.4485051631927,5.08575993943163
2000,250,20,16,"cuda",FALSE,500,3,2.93234825134277,18.2004463672638,6.20678200787696
2000,250,20,16,"cuda",FALSE,500,5,3.63991570472717,25.3255796432495,6.95773795265618
2000,250,20,16,"cuda",FALSE,1000,1,2.15474414825439,10.3779721260071,4.81633614571573
2000,250,20,16,"cuda",FALSE,1000,3,3.00671362876892,18.4571995735168,6.13866229125185
2000,250,20,16,"cuda",FALSE,1000,5,3.77274060249329,25.7514400482178,6.82565878799075
2000,250,20,16,"cuda",TRUE,100,1,1.99066734313965,10.7482688426971,5.39932946593935
2000,250,20,16,"cuda",TRUE,100,3,2.71448969841003,17.4807236194611,6.43978263380411
2000,250,20,16,"cuda",TRUE,100,5,3.38431715965271,24.0827856063843,7.1159954786435
2000,250,20,16,"cuda",TRUE,500,1,2.05333304405212,10.7778549194336,5.24895605739836
2000,250,20,16,"cuda",TRUE,500,3,2.86353302001953,17.7856185436249,6.21107506680806
2000,250,20,16,"cuda",TRUE,500,5,3.51010894775391,24.1026916503906,6.8666505824025
2000,250,20,16,"cuda",TRUE,1000,1,2.14876794815063,10.5588278770447,4.91389863020448
2000,250,20,16,"cuda",TRUE,1000,3,2.95281219482422,17.7917630672455,6.02536222873621
2000,250,20,16,"cuda",TRUE,1000,5,3.64905500411987,24.5286445617676,6.72191691659187
2000,250,20,128,"cpu",FALSE,100,1,0.49399995803833,1.77099323272705,3.58500684850187
2000,250,20,128,"cpu",FALSE,100,3,0.647297143936157,2.76542925834656,4.27227168272399
2000,250,20,128,"cpu",FALSE,100,5,0.823174953460693,4.17546987533569,5.07239664883107
2000,250,20,128,"cpu",FALSE,500,1,0.584863662719727,2.0880401134491,3.57013137683972
2000,250,20,128,"cpu",FALSE,500,3,1.14373850822449,4.40530443191528,3.85167098968624
2000,250,20,128,"cpu",FALSE,500,5,1.744145154953,6.77673029899597,3.8854164630458
2000,250,20,128,"cpu",FALSE,1000,1,0.623794555664062,2.37450909614563,3.80655630060419
2000,250,20,128,"cpu",FALSE,1000,3,1.89221096038818,7.82948160171509,4.13774244289806
2000,250,20,128,"cpu",FALSE,1000,5,3.49607801437378,11.5126554965973,3.29302019270284
2000,250,20,128,"cpu",TRUE,100,1,0.497200727462769,1.91651201248169,3.8546042003231
2000,250,20,128,"cpu",TRUE,100,3,0.696079254150391,3.10326075553894,4.45820032278748
2000,250,20,128,"cpu",TRUE,100,5,0.852317810058594,4.35457992553711,5.109103522356
2000,250,20,128,"cpu",TRUE,500,1,0.625901937484741,2.20615315437317,3.52475846813776
2000,250,20,128,"cpu",TRUE,500,3,1.21177530288696,5.38681292533875,4.4453892668922
2000,250,20,128,"cpu",TRUE,500,5,1.75911641120911,9.39140319824219,5.33870478292402
2000,250,20,128,"cpu",TRUE,1000,1,0.627350091934204,2.41472244262695,3.84908279073019
2000,250,20,128,"cpu",TRUE,1000,3,1.8230516910553,12.2502598762512,6.71964483308752
2000,250,20,128,"cpu",TRUE,1000,5,3.30974817276001,23.3148853778839,7.04430795362946
2000,250,20,128,"cuda",FALSE,100,1,0.468033790588379,1.41859340667725,3.03096365092336
2000,250,20,128,"cuda",FALSE,100,3,0.547724962234497,2.37229919433594,4.33118692392239
2000,250,20,128,"cuda",FALSE,100,5,0.627835512161255,3.32966804504395,5.30340826625422
2000,250,20,128,"cuda",FALSE,500,1,0.473555326461792,1.44019746780396,3.04124436433756
2000,250,20,128,"cuda",FALSE,500,3,0.564443826675415,2.37755942344666,4.21221618712801
2000,250,20,128,"cuda",FALSE,500,5,0.642245531082153,3.37060880661011,5.24816233587612
2000,250,20,128,"cuda",FALSE,1000,1,0.472764253616333,1.42972707748413,3.02418608544886
2000,250,20,128,"cuda",FALSE,1000,3,0.571211814880371,2.40740966796875,4.21456560465741
2000,250,20,128,"cuda",FALSE,1000,5,0.64699912071228,3.38288116455078,5.22857150227124
2000,250,20,128,"cuda",TRUE,100,1,0.498367309570312,1.87161564826965,3.7554944161232
2000,250,20,128,"cuda",TRUE,100,3,0.576929807662964,2.71245121955872,4.70152726298951
2000,250,20,128,"cuda",TRUE,100,5,0.644848346710205,3.96349692344666,6.14640162088817
2000,250,20,128,"cuda",TRUE,500,1,0.472552299499512,1.82431864738464,3.86056453289257
2000,250,20,128,"cuda",TRUE,500,3,0.554381608963013,2.66493797302246,4.80704613922404
2000,250,20,128,"cuda",TRUE,500,5,0.628005981445312,3.5961606502533,5.72631592134996
2000,250,20,128,"cuda",TRUE,1000,1,0.47449803352356,1.84426927566528,3.88677959731462
2000,250,20,128,"cuda",TRUE,1000,3,0.555148124694824,2.69855856895447,4.86097034091202
2000,250,20,128,"cuda",TRUE,1000,5,0.634981870651245,3.98292636871338,6.27250407106654
2000,250,20,256,"cpu",FALSE,100,1,0.372748613357544,0.956601619720459,2.56634521347737
2000,250,20,256,"cpu",FALSE,100,3,0.547577142715454,1.67128992080688,3.05215428189514
2000,250,20,256,"cpu",FALSE,100,5,0.568700075149536,2.18841361999512,3.84809799685659
2000,250,20,256,"cpu",FALSE,500,1,0.422318935394287,1.17818903923035,2.78980869785146
2000,250,20,256,"cpu",FALSE,500,3,0.762165784835815,2.66814684867859,3.50074341011432
2000,250,20,256,"cpu",FALSE,500,5,1.11404085159302,4.24138355255127,3.80720648303545
2000,250,20,256,"cpu",FALSE,1000,1,0.530568361282349,1.3694429397583,2.58108669813716
2000,250,20,256,"cpu",FALSE,1000,3,1.27033758163452,6.27529668807983,4.93986541751014
2000,250,20,256,"cpu",FALSE,1000,5,2.22038745880127,11.4594075679779,5.16099454739514
2000,250,20,256,"cpu",TRUE,100,1,0.36997389793396,1.30175352096558,3.5185009759741
2000,250,20,256,"cpu",TRUE,100,3,0.494142770767212,1.87969088554382,3.80394290222113
2000,250,20,256,"cpu",TRUE,100,5,0.592318534851074,2.62197756767273,4.42663434182753
2000,250,20,256,"cpu",TRUE,500,1,0.493459224700928,1.29708766937256,2.62856099236708
2000,250,20,256,"cpu",TRUE,500,3,0.903355598449707,2.96641087532043,3.28376874003021
2000,250,20,256,"cpu",TRUE,500,5,1.1188817024231,5.39751219749451,4.82402401058614
2000,250,20,256,"cpu",TRUE,1000,1,0.450496435165405,1.44569659233093,3.20911882865427
2000,250,20,256,"cpu",TRUE,1000,3,1.3333785533905,7.33398628234863,5.50030316874367
2000,250,20,256,"cpu",TRUE,1000,5,2.21242332458496,12.8121852874756,5.79101890000147
2000,250,20,256,"cuda",FALSE,100,1,0.337106466293335,0.756371259689331,2.24371625975033
2000,250,20,256,"cuda",FALSE,100,3,0.46638560295105,1.22585725784302,2.62842002430268
2000,250,20,256,"cuda",FALSE,100,5,0.416752815246582,1.69876551628113,4.07619445900087
2000,250,20,256,"cuda",FALSE,500,1,0.335533142089844,0.786652565002441,2.34448543623093
2000,250,20,256,"cuda",FALSE,500,3,0.383861064910889,1.24992775917053,3.2561983317081
2000,250,20,256,"cuda",FALSE,500,5,0.41885232925415,1.74522876739502,4.16669228150825
2000,250,20,256,"cuda",FALSE,1000,1,0.340659618377686,0.772802114486694,2.26854629312094
2000,250,20,256,"cuda",FALSE,1000,3,0.453083276748657,1.27815675735474,2.82101949673985
2000,250,20,256,"cuda",FALSE,1000,5,0.42452073097229,1.75395822525024,4.13161972380738
2000,250,20,256,"cuda",TRUE,100,1,0.349924087524414,1.22021389007568,3.487081723091
2000,250,20,256,"cuda",TRUE,100,3,0.378312349319458,1.68327140808105,4.44942231230111
2000,250,20,256,"cuda",TRUE,100,5,0.415134191513062,2.33668422698975,5.62874433077438
2000,250,20,256,"cuda",TRUE,500,1,0.336719751358032,1.36075925827026,4.04122197400702
2000,250,20,256,"cuda",TRUE,500,3,0.476822376251221,1.6886293888092,3.5414222840908
2000,250,20,256,"cuda",TRUE,500,5,0.415050268173218,2.15881133079529,5.20132498720451
2000,250,20,256,"cuda",TRUE,1000,1,0.338236331939697,1.17702198028564,3.47988039468062
2000,250,20,256,"cuda",TRUE,1000,3,0.379796266555786,1.6405565738678,4.31957003881403
2000,250,20,256,"cuda",TRUE,1000,5,0.416020631790161,2.09031701087952,5.02455131103658
2000,500,20,16,"cpu",FALSE,100,1,2.4272735118866,12.650160074234,5.21167475040819
2000,500,20,16,"cpu",FALSE,100,3,3.3891453742981,21.9624130725861,6.480221603694
2000,500,20,16,"cpu",FALSE,100,5,4.61643600463867,29.323224067688,6.3519182413064
2000,500,20,16,"cpu",FALSE,500,1,2.80196785926819,14.1878564357758,5.06353289843994
2000,500,20,16,"cpu",FALSE,500,3,6.5390613079071,29.9642539024353,4.58234790767326
2000,500,20,16,"cpu",FALSE,500,5,10.7253005504608,45.8364419937134,4.27367436260274
2000,500,20,16,"cpu",FALSE,1000,1,2.9490978717804,16.6694774627686,5.6523988648451
2000,500,20,16,"cpu",FALSE,1000,3,10.8944137096405,42.9299628734589,3.94054824955564
2000,500,20,16,"cpu",FALSE,1000,5,22.9931347370148,1.1912251551946,0.0518078621649159
2000,500,20,16,"cpu",TRUE,100,1,2.60026431083679,12.5495367050171,4.82625425912127
2000,500,20,16,"cpu",TRUE,100,3,3.29140734672546,20.5036299228668,6.22944162267406
2000,500,20,16,"cpu",TRUE,100,5,4.49571537971497,28.0331130027771,6.23551773968272
2000,500,20,16,"cpu",TRUE,500,1,2.81170344352722,14.5212697982788,5.16458086350038
2000,500,20,16,"cpu",TRUE,500,3,6.65613412857056,42.3680775165558,6.36526799162543
2000,500,20,16,"cpu",TRUE,500,5,10.6384341716766,1.23960872491201,0.116521727249326
2000,500,20,16,"cpu",TRUE,1000,1,2.94603967666626,18.3028433322906,6.21269410498982
2000,500,20,16,"cpu",TRUE,1000,3,11.149932384491,1.34138046105703,0.120303909907367
2000,500,20,16,"cpu",TRUE,1000,5,22.2055451869965,2.6236696879069,0.118153806439453
2000,500,20,16,"cuda",FALSE,100,1,1.9158923625946,10.3550264835358,5.40480597224808
2000,500,20,16,"cuda",FALSE,100,3,2.51672148704529,17.7301526069641,7.04494029165693
2000,500,20,16,"cuda",FALSE,100,5,3.10077881813049,28.4571986198425,9.1774358278801
2000,500,20,16,"cuda",FALSE,500,1,1.99760699272156,10.5689606666565,5.29081080771411
2000,500,20,16,"cuda",FALSE,500,3,2.68308901786804,18.2879066467285,6.81598952734707
2000,500,20,16,"cuda",FALSE,500,5,3.2818386554718,25.9302823543549,7.90114477782794
2000,500,20,16,"cuda",FALSE,1000,1,2.01288342475891,12.1626341342926,6.04239370481644
2000,500,20,16,"cuda",FALSE,1000,3,2.75634455680847,20.6392788887024,7.48791686355798
2000,500,20,16,"cuda",FALSE,1000,5,3.40115523338318,26.0102698802948,7.64748095735166
2000,500,20,16,"cuda",TRUE,100,1,1.93238759040833,10.8216307163239,5.60013465726988
2000,500,20,16,"cuda",TRUE,100,3,2.47204375267029,17.3260953426361,7.00881419429593
2000,500,20,16,"cuda",TRUE,100,5,2.9847776889801,23.8763465881348,7.99937183807258
2000,500,20,16,"cuda",TRUE,500,1,2.00144982337952,10.796243429184,5.39421138770003
2000,500,20,16,"cuda",TRUE,500,3,2.62447428703308,17.6775743961334,6.7356630177229
2000,500,20,16,"cuda",TRUE,500,5,3.17703247070312,25.0300920009613,7.87845016749916
2000,500,20,16,"cuda",TRUE,1000,1,2.01774573326111,10.6618916988373,5.28406108018645
2000,500,20,16,"cuda",TRUE,1000,3,2.69542932510376,17.4370074272156,6.46910207024047
2000,500,20,16,"cuda",TRUE,1000,5,3.27648663520813,27.4832618236542,8.3880280567384
2000,500,20,128,"cpu",FALSE,100,1,0.544264316558838,1.85191988945007,3.40261125542642
2000,500,20,128,"cpu",FALSE,100,3,0.702479124069214,3.09760928153992,4.40953926658569
2000,500,20,128,"cpu",FALSE,100,5,0.872988224029541,4.34394383430481,4.97594780174012
2000,500,20,128,"cpu",FALSE,500,1,0.624059915542603,2.34023070335388,3.75000964662041
2000,500,20,128,"cpu",FALSE,500,3,1.18737936019897,4.56096339225769,3.8412015107736
2000,500,20,128,"cpu",FALSE,500,5,1.7498779296875,7.54422926902771,4.3112888853767
2000,500,20,128,"cpu",FALSE,1000,1,0.641339302062988,3.63120603561401,5.66191097899903
2000,500,20,128,"cpu",FALSE,1000,3,1.91552329063416,7.68196558952332,4.01037441156882
2000,500,20,128,"cpu",FALSE,1000,5,3.48396897315979,12.2946939468384,3.52893324870448
2000,500,20,128,"cpu",TRUE,100,1,0.556173086166382,2.15478801727295,3.87431191991972
2000,500,20,128,"cpu",TRUE,100,3,0.712311506271362,3.349853515625,4.70279292996404
2000,500,20,128,"cpu",TRUE,100,5,0.954087972640991,4.63891911506653,4.86215029231071
2000,500,20,128,"cpu",TRUE,500,1,0.617961883544922,2.4026734828949,3.88806097410414
2000,500,20,128,"cpu",TRUE,500,3,1.15859603881836,6.63659715652466,5.7281372749153
2000,500,20,128,"cpu",TRUE,500,5,1.78546476364136,11.0740053653717,6.20230966798072
2000,500,20,128,"cpu",TRUE,1000,1,0.654731273651123,3.43719339370728,5.24977732396942
2000,500,20,128,"cpu",TRUE,1000,3,1.88434052467346,12.9607443809509,6.87813280627549
2000,500,20,128,"cpu",TRUE,1000,5,3.3907368183136,25.6784136295319,7.5731072641324
2000,500,20,128,"cuda",FALSE,100,1,0.462252616882324,1.43932628631592,3.11372231059176
2000,500,20,128,"cuda",FALSE,100,3,0.541673421859741,2.37791919708252,4.38994992391975
2000,500,20,128,"cuda",FALSE,100,5,0.621216773986816,3.26576709747314,5.25704912395435
2000,500,20,128,"cuda",FALSE,500,1,0.466039180755615,1.45585751533508,3.12389510464467
2000,500,20,128,"cuda",FALSE,500,3,0.557607412338257,2.42659425735474,4.35179698773931
2000,500,20,128,"cuda",FALSE,500,5,0.634668588638306,3.34739518165588,5.27424114188128
2000,500,20,128,"cuda",FALSE,1000,1,0.467551708221436,1.66703271865845,3.56545102786563
2000,500,20,128,"cuda",FALSE,1000,3,0.562676668167114,2.39477777481079,4.25604598571971
2000,500,20,128,"cuda",FALSE,1000,5,0.645228624343872,3.33630037307739,5.17072592132757
2000,500,20,128,"cuda",TRUE,100,1,0.474055290222168,1.86151838302612,3.92679592744068
2000,500,20,128,"cuda",TRUE,100,3,0.532261610031128,2.71815729141235,5.10680695392137
2000,500,20,128,"cuda",TRUE,100,5,0.600694894790649,3.50876402854919,5.84117504406633
2000,500,20,128,"cuda",TRUE,500,1,0.461302757263184,2.12259078025818,4.60129653863568
2000,500,20,128,"cuda",TRUE,500,3,0.542155265808105,2.73386454582214,5.04258598640963
2000,500,20,128,"cuda",TRUE,500,5,0.615931987762451,3.59741759300232,5.84060848352911
2000,500,20,128,"cuda",TRUE,1000,1,0.460796117782593,1.8300633430481,3.97152508978285
2000,500,20,128,"cuda",TRUE,1000,3,0.546485185623169,2.76041030883789,5.05120794023014
2000,500,20,128,"cuda",TRUE,1000,5,0.62011456489563,3.58863258361816,5.78704772757943
2000,500,20,256,"cpu",FALSE,100,1,0.510858535766602,1.07637119293213,2.10698484526037
2000,500,20,256,"cpu",FALSE,100,3,0.496221780776978,1.86251640319824,3.75339510547469
2000,500,20,256,"cpu",FALSE,100,5,0.595562934875488,2.50737810134888,4.21009763119843
2000,500,20,256,"cpu",FALSE,500,1,0.452436447143555,1.43778228759766,3.17786574595186
2000,500,20,256,"cpu",FALSE,500,3,0.790969610214233,2.926185131073,3.69949122353822
2000,500,20,256,"cpu",FALSE,500,5,1.15908718109131,4.22219944000244,3.64269358585015
2000,500,20,256,"cpu",FALSE,1000,1,0.548402786254883,1.91347169876099,3.48917209525566
2000,500,20,256,"cpu",FALSE,1000,3,1.34138560295105,5.67006278038025,4.2270192612073
2000,500,20,256,"cpu",FALSE,1000,5,2.33755302429199,9.49721527099609,4.06288763176726
2000,500,20,256,"cpu",TRUE,100,1,0.399160861968994,1.32135772705078,3.31033889578438
2000,500,20,256,"cpu",TRUE,100,3,0.492405891418457,2.03814268112183,4.13915169709002
2000,500,20,256,"cpu",TRUE,100,5,0.58465838432312,2.76218628883362,4.72444484317368
2000,500,20,256,"cpu",TRUE,500,1,0.552315235137939,1.46611714363098,2.654493394999
2000,500,20,256,"cpu",TRUE,500,3,0.785061597824097,3.75274872779846,4.78019653260293
2000,500,20,256,"cpu",TRUE,500,5,1.12500882148743,6.05734825134277,5.38426733697436
2000,500,20,256,"cpu",TRUE,1000,1,0.47379994392395,2.13680863380432,4.50993855361726
2000,500,20,256,"cpu",TRUE,1000,3,1.3259015083313,6.82526898384094,5.14764403008397
2000,500,20,256,"cpu",TRUE,1000,5,2.35969519615173,13.7021389007568,5.80674102447752
2000,500,20,256,"cuda",FALSE,100,1,0.335407495498657,0.756777048110962,2.25629140155573
2000,500,20,256,"cuda",FALSE,100,3,0.459534883499146,1.23883605003357,2.69584768103002
2000,500,20,256,"cuda",FALSE,100,5,0.427765607833862,1.71200132369995,4.00219487576211
2000,500,20,256,"cuda",FALSE,500,1,0.336262941360474,0.768759250640869,2.28618487523655
2000,500,20,256,"cuda",FALSE,500,3,0.380619525909424,1.2606885433197,3.31220144396824
2000,500,20,256,"cuda",FALSE,500,5,0.418048143386841,1.96893692016602,4.70983294941718
2000,500,20,256,"cuda",FALSE,1000,1,0.336299896240234,0.764396905899048,2.27296206286369
2000,500,20,256,"cuda",FALSE,1000,3,0.469183921813965,1.26202940940857,2.6898394227349
2000,500,20,256,"cuda",FALSE,1000,5,0.422682046890259,1.72905588150024,4.09067736427697
2000,500,20,256,"cuda",TRUE,100,1,0.347928285598755,1.24465322494507,3.57732692759696
2000,500,20,256,"cuda",TRUE,100,3,0.376228809356689,1.72148942947388,4.57564489124966
2000,500,20,256,"cuda",TRUE,100,5,0.411603689193726,2.31081295013428,5.61416967535165
2000,500,20,256,"cuda",TRUE,500,1,0.41268253326416,1.20568633079529,2.92158313863874
2000,500,20,256,"cuda",TRUE,500,3,0.377113342285156,1.69255757331848,4.48819329239919
2000,500,20,256,"cuda",TRUE,500,5,0.412521123886108,2.13622760772705,5.17846840812165
2000,500,20,256,"cuda",TRUE,1000,1,0.335626363754272,1.16691660881042,3.4768323791893
2000,500,20,256,"cuda",TRUE,1000,3,0.376893997192383,1.67400765419006,4.44158746666261
2000,500,20,256,"cuda",TRUE,1000,5,0.411085605621338,2.09015202522278,5.08446901725884
